{
    "epoch": 95,
    "metrics": {
        "val_loss": 0.5396775062878927,
        "val_acc": 0.8266666666666667
    }
}