{
    "test_loss": 0.660215683778127,
    "test_accuracy": 0.8533333333333334,
    "test_f1": 0.8471027248613455,
    "test_precision": 0.8492797398679751,
    "test_recall": 0.8533333333333334,
    "training_time": 489.68945956230164,
    "epochs_trained": 100,
    "best_val_loss": 0.5396775062878927
}