{
    "test_loss": 2.3047666931152344,
    "test_accuracy": 0.1,
    "test_f1": 0.018181818181818184,
    "test_precision": 0.01,
    "test_recall": 0.1,
    "training_time": 62.02564811706543,
    "epochs_trained": 11,
    "best_val_loss": 2.3044220447540282
}