{
    "test_loss": 0.5843970807393392,
    "test_accuracy": 0.8466666666666667,
    "test_f1": 0.8406681529651496,
    "test_precision": 0.8422055640437993,
    "test_recall": 0.8466666666666667,
    "training_time": 812.1847252845764,
    "epochs_trained": 96,
    "best_val_loss": 0.4692087999979655
}