{
    "test_loss": 0.6338327813148499,
    "test_accuracy": 0.86,
    "test_f1": 0.8547498098860725,
    "test_precision": 0.8567695947843007,
    "test_recall": 0.86,
    "training_time": 478.8736729621887,
    "epochs_trained": 100,
    "best_val_loss": 0.4971682461102804
}