{
    "epoch": 27,
    "metrics": {
        "val_loss": 0.7737614818414053,
        "val_acc": 0.7266666666666667
    }
}