{
    "test_loss": 1.3254455852508544,
    "test_accuracy": 0.64,
    "test_f1": 0.630914640914641,
    "test_precision": 0.6453019203019202,
    "test_recall": 0.64,
    "training_time": 40.8544864654541,
    "epochs_trained": 39,
    "best_val_loss": 0.7601534378528595
}