{
    "val_accuracy": 0.6733333333333333,
    "val_f1": 0.664218955486704,
    "val_precision": 0.6657224973169246,
    "val_recall": 0.6733333333333333,
    "test_accuracy": 0.6133333333333333,
    "test_f1": 0.6084700829934094,
    "test_precision": 0.6152680944786207,
    "test_recall": 0.6133333333333333,
    "training_time": 0.45978379249572754,
    "n_estimators": 200
}